customer_id,age,income,purchase_history,customer_spending_score,freq_of_visit,gender,region,customer_type
1,59,29889,19524,59,75,Male,East,budget
2,43,105494,42714,66,43,Female,East,budget
3,47,107857,12129,61,23,Male,East,budget
4,31,113408,11521,74,71,Female,West,regular
5,31,95612,485,76,99,Agender,North,premium
6,53,22906,4100,15,84,Male,West,premium
7,45,104093,6942,61,2,Female,West,regular
8,28,139291,41998,91,70,Female,South,premium
9,58,142642,47504,54,94,Male,North,budget
10,61,119079,9679,72,56,Male,North,regular
11,21,106753,27380,29,14,Male,East,regular
12,69,30149,24023,32,37,Female,South,budget
13,29,52479,5571,96,92,Female,East,budget
14,52,94452,1212,80,29,Male,West,premium
15,63,125504,27984,25,75,Female,East,premium
16,48,66533,1754,89,73,Male,East,regular
17,58,57557,39670,99,11,Male,South,regular
18,57,40826,27803,87,54,Female,West,regular
19,65,90626,21086,66,97,Female,West,premium
20,65,52419,5293,13,24,Genderqueer,West,budget
21,50,45938,34735,59,35,Male,East,premium
22,32,102473,49264,28,51,Female,South,budget
23,56,133655,30800,66,73,Male,East,premium
24,45,83266,34833,91,54,Female,South,budget
25,50,101290,6904,46,74,Polygender,North,regular
26,63,49103,4198,31,100,Male,East,regular
27,64,103855,16670,50,19,Male,East,budget
28,58,134554,18432,25,43,Male,North,budget
29,41,58449,36422,42,17,Genderfluid,West,regular
30,68,126884,45028,14,2,Male,East,regular
31,30,112421,24365,67,52,Female,North,premium
32,24,118980,15129,43,78,Male,North,budget
33,51,39704,12623,42,52,Male,South,premium
34,51,130847,43989,89,67,Female,East,premium
35,46,131715,41923,29,4,Agender,East,regular
36,44,141409,45830,83,83,Male,North,regular
37,34,23256,28960,73,62,Female,West,budget
38,41,109767,7484,94,80,Genderfluid,East,premium
39,42,29121,25872,85,19,Male,East,premium
40,19,127211,25429,65,92,Female,South,regular
41,62,31450,19362,23,55,Male,North,premium
42,67,82305,17601,100,4,Male,South,premium
43,51,47920,2084,97,88,Male,North,regular
44,27,98548,40882,12,89,Male,North,budget
45,19,55277,32693,59,40,Male,West,budget
46,18,149895,353,89,90,Genderqueer,East,regular
47,58,45645,44365,11,75,Female,South,premium
48,48,81655,12248,67,40,Non-binary,East,regular
49,60,139172,32712,100,6,Female,West,regular
50,24,68450,36028,40,53,Bigender,North,premium
51,67,63283,19066,87,53,Female,East,budget
52,64,31621,20462,41,14,Female,North,premium
53,33,36974,12345,25,11,Male,West,premium
54,57,92233,438,56,91,Bigender,South,regular
55,34,27736,30060,31,47,Female,South,premium
56,48,117863,22828,64,64,Male,West,budget
57,57,33429,6879,71,43,Female,South,regular
58,31,49413,36083,77,43,Male,East,premium
59,35,131231,18900,37,38,Female,South,budget
60,54,39875,17101,69,33,Male,South,regular
61,69,37603,30520,28,57,Male,West,budget
62,21,144197,3295,4,38,Female,West,premium
63,21,34095,17979,48,38,Male,West,premium
64,18,87326,13861,82,19,Male,South,budget
65,56,132438,6338,56,100,Male,West,budget
66,68,68088,1053,79,29,Male,East,premium
67,28,66690,41912,39,63,Female,North,premium
68,52,102252,26056,9,54,Female,North,budget
69,65,134553,3334,63,9,Male,West,premium
70,35,77162,30878,87,69,Female,North,budget
71,67,66372,8395,36,40,Female,West,budget
72,51,49458,43560,78,34,Male,North,regular
73,28,44035,35437,48,86,Male,North,premium
74,64,36816,15931,57,6,Female,East,budget
75,20,101460,10954,89,70,Female,North,premium
76,47,117813,48055,44,12,Female,South,regular
77,18,53448,37816,43,40,Female,East,budget
78,38,62422,41616,1,97,Female,North,budget
79,26,83795,12627,46,32,Female,West,regular
80,68,109054,49879,8,68,Female,South,premium
81,25,143145,49518,41,67,Female,North,premium
82,54,146167,23477,39,62,Female,South,budget
83,56,77834,17037,52,44,Male,East,premium
84,21,73738,15851,18,56,Male,North,budget
85,32,133363,5722,78,44,Male,East,regular
86,32,34407,38893,99,100,Female,East,regular
87,42,126360,45089,35,80,Male,West,regular
88,70,20559,19764,75,51,Non-binary,East,regular
89,61,26761,22484,13,82,Female,West,regular
90,43,127540,29316,16,14,Female,North,regular
91,66,69664,47881,62,33,Female,West,premium
92,50,63738,36102,29,21,Male,North,premium
93,66,92815,15716,74,72,Male,South,premium
94,29,102620,9250,59,25,Female,East,budget
95,70,77149,30692,78,47,Female,West,premium
96,38,40995,46220,33,3,Non-binary,East,budget
97,30,33790,18669,45,34,Polygender,West,premium
98,65,149082,11325,66,80,Female,West,premium
99,23,73357,6979,61,69,Female,East,budget
100,49,31292,12106,28,95,Female,North,regular
101,49,130203,14275,36,56,Male,East,regular
102,25,57293,30232,74,5,Male,West,regular
103,48,75037,39826,48,31,Male,West,budget
104,33,108793,43592,13,60,Female,North,budget
105,54,113956,42028,44,82,Female,North,premium
106,26,36050,17383,97,51,Male,East,budget
107,68,54912,38010,26,90,Female,East,premium
108,35,54616,29086,74,84,Male,South,premium
109,66,73333,5555,43,14,Male,South,budget
110,18,71999,12367,27,90,Female,South,regular
111,67,63960,22554,97,26,Male,East,regular
112,57,67586,30948,74,47,Female,West,budget
113,51,140099,37736,72,10,Polygender,West,premium
114,23,67067,21589,46,45,Female,West,budget
115,59,38046,29275,46,40,Genderqueer,West,regular
116,59,133840,26445,11,95,Female,West,premium
117,60,36736,30109,98,94,Polygender,South,premium
118,38,31756,30776,40,100,Male,West,premium
119,27,108894,7981,23,31,Female,South,premium
120,35,58742,493,10,85,Male,West,premium
121,51,24698,28639,27,97,Female,West,premium
122,21,83036,9547,89,82,Agender,South,premium
123,38,50290,10314,87,95,Male,East,budget
124,57,100246,41051,48,96,Female,West,regular
125,37,73416,49989,78,74,Female,West,premium
126,21,32871,18266,76,88,Male,West,premium
127,44,113244,42426,65,91,Male,South,budget
128,57,86722,12735,80,58,Male,West,budget
129,67,149043,34210,15,70,Non-binary,West,budget
130,69,86110,41841,76,72,Female,South,budget
131,29,146275,40710,83,70,Female,East,premium
132,25,98812,13814,59,98,Female,South,budget
133,27,149591,31250,70,58,Male,South,premium
134,67,129150,3394,45,99,Male,West,premium
135,25,146113,30226,2,16,Male,West,regular
136,59,96562,40373,64,8,Genderqueer,West,premium
137,62,89411,48482,80,19,Female,East,premium
138,31,79602,31808,55,21,Male,West,regular
139,37,55162,22906,26,20,Female,South,regular
140,27,53192,49431,39,42,Female,South,budget
141,54,111280,39686,57,58,Male,South,budget
142,51,116853,40610,32,93,Female,North,budget
143,53,30417,49488,18,73,Female,West,regular
144,46,43755,25116,40,86,Male,North,premium
145,24,110189,16193,95,25,Female,East,budget
146,57,61107,26605,1,28,Male,West,regular
147,69,108921,26881,35,30,Bigender,North,regular
148,58,71034,4073,5,52,Male,West,premium
149,50,43655,30661,36,79,Female,East,regular
150,62,103765,31554,31,88,Male,North,budget
151,35,136532,29443,20,33,Female,East,premium
152,26,108667,29572,54,76,Female,South,budget
153,18,59817,10389,3,83,Male,West,budget
154,51,26264,6524,41,50,Female,West,budget
155,59,39076,7570,28,46,Female,North,premium
156,44,102774,18218,44,5,Male,West,budget
157,36,139304,36078,23,17,Male,East,budget
158,36,41705,2986,66,93,Female,South,regular
159,33,59634,34515,15,64,Female,East,budget
160,34,52056,40085,34,98,Male,North,regular
161,61,86650,28141,57,6,Female,West,regular
162,27,98208,14146,77,77,Male,East,budget
163,66,35674,30927,6,34,Female,North,premium
164,39,126499,6265,38,1,Female,West,budget
165,45,123802,35696,3,57,Male,North,regular
166,50,104027,42619,99,61,Female,North,budget
167,37,63247,2471,99,14,Female,East,premium
168,44,147216,21700,13,60,Female,North,premium
169,43,22533,1289,85,48,Male,East,budget
170,46,54764,17616,7,34,Female,South,budget
171,24,43383,5939,6,89,Female,West,premium
172,20,103040,10659,63,45,Male,South,premium
173,51,124981,38789,13,13,Male,South,budget
174,52,31109,25910,67,100,Male,East,regular
175,24,42931,39283,55,73,Male,West,budget
176,28,32011,47884,27,89,Male,East,premium
177,53,34119,8269,43,21,Male,North,budget
178,68,98620,20869,5,39,Female,North,regular
179,38,70271,40477,57,33,Male,East,budget
180,44,84545,17393,65,30,Male,West,premium
181,59,32134,27387,7,20,Male,South,premium
182,33,125122,46839,35,44,Female,East,budget
183,18,20593,22997,84,37,Female,East,premium
184,23,103884,25944,72,67,Female,West,budget
185,23,20515,3800,64,92,Female,South,premium
186,53,74694,16930,85,3,Female,East,premium
187,65,46801,37537,81,6,Non-binary,South,premium
188,56,57192,35348,61,42,Female,North,budget
189,29,52977,26922,7,77,Male,East,regular
190,60,57892,10194,7,79,Female,North,regular
191,60,23951,20193,32,35,Female,East,regular
192,42,70309,12927,46,94,Female,South,premium
193,25,22358,1219,83,24,Male,West,regular
194,61,100895,28458,32,45,Female,North,budget
195,35,95229,5830,3,70,Male,East,regular
196,40,122920,8167,96,3,Female,West,budget
197,21,111313,33286,1,12,Male,North,budget
198,56,60551,7831,51,64,Female,North,premium
199,65,45624,12188,80,83,Male,South,premium
200,45,57810,23588,2,98,Male,East,budget
201,61,50059,28583,22,94,Female,East,premium
202,45,60086,24999,41,29,Male,East,budget
203,23,88698,15566,43,45,Male,North,regular
204,20,45807,20137,59,100,Female,South,premium
205,21,59052,38133,42,51,Female,West,regular
206,52,146677,36743,6,65,Female,South,premium
207,37,127823,46215,12,24,Female,South,regular
208,57,109796,4185,57,65,Polygender,East,premium
209,43,133713,38172,84,56,Male,North,premium
210,64,75902,24014,80,67,Male,North,regular
211,40,51261,25036,40,80,Male,West,budget
212,52,113971,13415,57,4,Female,South,budget
213,30,93747,23434,21,63,Female,West,budget
214,29,127873,10980,13,42,Male,West,budget
215,26,131616,44099,82,83,Female,North,budget
216,46,31175,28435,26,72,Female,South,premium
217,68,125157,3049,32,8,Female,North,regular
218,47,140350,41956,5,49,Female,North,premium
219,58,126352,19603,35,71,Female,South,premium
220,34,39102,43721,20,52,Male,West,premium
221,36,68511,7947,87,72,Female,East,premium
222,58,90154,10448,53,14,Male,South,budget
223,45,60534,14641,56,41,Female,North,budget
224,26,55360,28540,16,67,Female,East,budget
225,41,144083,12284,90,20,Male,West,regular
226,35,62972,38473,3,13,Female,North,premium
227,20,42233,37083,59,66,Female,East,budget
228,33,110602,31728,13,58,Polygender,South,premium
229,64,102057,23587,93,73,Male,South,budget
230,47,143157,6402,12,65,Male,South,budget
231,66,147692,7004,34,22,Female,West,regular
232,49,26109,33860,54,35,Male,South,regular
233,51,125901,45429,98,91,Male,East,budget
234,70,80368,14709,70,8,Male,East,budget
235,34,131733,49531,72,95,Male,North,premium
236,20,118686,41991,16,90,Male,West,budget
237,65,133607,19980,21,44,Female,West,regular
238,70,76270,32136,34,98,Male,South,budget
239,54,106298,6057,88,83,Agender,North,premium
240,37,140124,27701,85,71,Male,East,regular
241,65,35035,6451,89,33,Male,East,budget
242,29,85650,37656,35,87,Male,North,regular
243,32,88386,30505,50,3,Female,East,regular
244,29,29181,31900,81,9,Female,North,premium
245,63,100266,28571,19,83,Female,East,premium
246,69,106367,37114,29,85,Female,East,premium
247,68,136043,32565,93,27,Male,North,budget
248,68,45422,2209,64,85,Female,East,regular
249,39,72080,704,99,39,Male,South,budget
250,36,65188,28664,25,87,Male,North,regular
251,64,107538,12695,46,78,Female,West,regular
252,36,32814,40982,23,82,Non-binary,South,premium
253,32,28335,21488,97,39,Male,East,regular
254,21,42951,14536,65,92,Female,North,premium
255,46,111719,42960,24,14,Male,North,premium
256,31,62135,8483,85,82,Male,East,budget
257,41,55775,32415,36,98,Female,East,premium
258,52,145373,34200,27,27,Male,South,budget
259,61,42272,33607,58,67,Male,North,premium
260,37,21972,26505,81,91,Male,North,budget
261,69,93713,26537,74,80,Agender,East,premium
262,39,126651,220,5,10,Male,West,regular
263,63,141556,42329,31,47,Male,East,premium
264,28,149840,5253,30,75,Male,West,regular
265,34,38639,18623,98,47,Female,North,budget
266,34,127984,15561,59,82,Male,East,premium
267,59,30611,31248,72,54,Male,East,premium
268,53,125285,33281,59,89,Female,South,premium
269,46,101206,23695,91,62,Female,West,regular
270,67,96286,22872,92,76,Female,North,budget
271,41,35228,48978,10,11,Female,South,budget
272,39,31035,39572,51,50,Male,North,regular
273,31,73906,45362,27,61,Female,East,budget
274,45,87267,30068,69,17,Female,South,budget
275,29,123434,49236,29,47,Female,South,regular
276,53,136662,26630,35,64,Male,South,premium
277,25,63906,42737,7,100,Male,West,regular
278,67,135425,28512,8,71,Female,South,budget
279,57,139023,48751,85,65,Male,South,budget
280,25,28637,46780,90,92,Genderfluid,North,budget
281,39,80589,29951,38,8,Female,North,regular
282,68,37770,195,24,38,Male,South,regular
283,50,94808,45935,8,89,Male,West,premium
284,49,55675,2904,67,59,Female,East,premium
285,18,37406,37782,28,96,Male,East,regular
286,28,103771,6739,100,45,Female,West,premium
287,46,84444,44200,44,61,Male,North,budget
288,49,147463,43969,97,55,Female,South,budget
289,41,37851,49709,11,8,Female,West,premium
290,58,61359,27792,60,93,Male,East,premium
291,27,111841,22238,79,39,Male,East,regular
292,58,122760,23016,75,12,Polygender,East,premium
293,29,59099,46071,9,79,Female,North,regular
294,24,111071,35439,82,11,Female,East,regular
295,32,118959,575,8,2,Female,East,premium
296,20,134077,29045,12,65,Female,North,budget
297,46,95554,19953,15,73,Female,South,budget
298,53,72665,37837,22,39,Female,North,regular
299,29,80906,3676,52,28,Genderqueer,East,regular
300,62,53207,7346,4,84,Female,North,regular
301,26,101376,45370,44,24,Female,South,budget
302,37,85595,17133,75,40,Female,South,premium
303,24,77443,15285,67,88,Female,East,budget
304,51,87653,27317,60,91,Male,South,premium
305,29,76717,1489,80,44,Male,West,premium
306,63,104875,21844,83,72,Female,West,premium
307,47,97256,21609,39,80,Male,East,premium
308,52,76474,22318,77,12,Male,West,premium
309,18,64203,47543,16,21,Male,East,regular
310,32,111433,5975,30,77,Agender,South,regular
311,59,131098,17534,34,49,Female,South,premium
312,25,133979,36303,40,25,Female,South,regular
313,43,101240,5144,84,8,Male,East,budget
314,61,22942,5370,77,87,Polygender,South,premium
315,25,54390,1883,49,63,Male,West,budget
316,39,124608,16170,16,65,Male,West,budget
317,31,59656,218,58,28,Female,West,budget
318,70,61065,1525,55,17,Male,West,budget
319,32,87439,10705,8,45,Female,West,premium
320,30,144504,45633,93,12,Female,South,regular
321,43,142614,45877,94,57,Male,North,budget
322,57,59237,19461,38,43,Male,North,budget
323,32,144618,14069,19,49,Female,North,premium
324,27,113632,25076,56,13,Male,South,budget
325,37,129746,9260,82,18,Male,South,budget
326,61,147431,6809,39,59,Female,North,premium
327,55,114387,29393,32,99,Male,South,regular
328,69,41523,42108,16,28,Female,West,premium
329,31,126210,17185,40,48,Male,West,budget
330,42,92927,29488,25,11,Female,West,budget
331,35,95309,25090,61,68,Female,West,regular
332,45,70755,20728,99,22,Female,East,budget
333,46,125818,34517,74,5,Male,West,premium
334,58,64395,49305,31,92,Female,North,budget
335,49,50301,22436,24,85,Male,West,budget
336,31,115234,27788,96,29,Female,South,premium
337,24,75624,16558,17,47,Male,North,premium
338,61,96022,18546,71,58,Female,South,regular
339,63,122892,26218,44,25,Male,East,budget
340,42,31420,3922,4,79,Male,West,premium
341,53,128248,1167,37,24,Male,South,regular
342,55,91010,17023,58,68,Female,West,regular
343,34,75687,45356,95,9,Male,North,regular
344,47,133246,39396,72,43,Male,West,budget
345,26,48789,48508,90,80,Female,South,regular
346,46,136859,5812,84,70,Male,South,regular
347,25,147093,43907,74,82,Male,West,regular
348,23,62885,42019,7,22,Male,East,premium
349,44,30111,42393,88,74,Genderqueer,North,budget
350,26,57682,40281,92,5,Female,South,premium
351,64,98841,4284,72,69,Female,North,regular
352,65,39711,17103,80,20,Male,East,regular
353,21,140619,8120,72,59,Female,West,premium
354,67,97182,21233,41,98,Male,East,premium
355,69,126010,20143,95,79,Female,West,regular
356,64,53490,7450,50,13,Female,South,premium
357,48,28203,40498,15,43,Male,West,premium
358,18,89560,7046,83,68,Agender,South,premium
359,62,56652,9925,99,73,Female,South,regular
360,37,96907,30315,38,92,Male,South,regular
361,59,99047,8550,26,80,Polygender,East,premium
362,38,122044,15795,87,8,Male,West,premium
363,60,74738,36615,44,13,Female,North,budget
364,68,133299,34016,94,67,Female,East,premium
365,67,108454,23760,82,33,Female,North,regular
366,70,66121,27547,56,71,Male,West,budget
367,23,91718,17435,63,40,Female,West,budget
368,59,39510,21595,57,97,Female,South,regular
369,53,128554,7945,65,84,Male,West,premium
370,70,83526,30280,90,11,Male,West,premium
371,66,90384,26571,62,31,Male,East,budget
372,54,38997,42081,87,66,Female,South,regular
373,66,21030,18273,67,54,Male,South,premium
374,48,117432,25131,73,97,Male,South,premium
375,36,128711,49391,31,98,Male,South,budget
376,37,102844,48045,29,70,Male,East,budget
377,69,52701,27704,89,37,Male,South,regular
378,53,30178,20436,80,81,Male,West,regular
379,49,81284,30054,68,40,Female,North,budget
380,19,143104,20577,5,87,Male,East,premium
381,53,106479,24024,100,15,Female,West,regular
382,43,95138,39292,75,90,Male,West,budget
383,29,97004,42917,84,79,Female,North,budget
384,57,91435,40178,30,33,Female,West,regular
385,55,75872,22881,8,5,Male,North,regular
386,51,31422,6905,60,72,Male,South,premium
387,23,107527,23677,13,46,Female,West,regular
388,57,59476,364,39,83,Male,South,premium
389,66,149838,6814,73,32,Bigender,North,regular
390,58,134676,22410,92,38,Female,South,premium
391,38,140150,3663,53,25,Male,South,budget
392,42,56628,12065,83,66,Bigender,South,premium
393,58,50847,34218,4,42,Male,North,regular
394,40,135797,47382,32,54,Male,West,premium
395,69,66302,26553,56,50,Female,East,budget
396,60,130035,33779,71,54,Non-binary,East,budget
397,30,73059,15082,64,29,Female,East,budget
398,58,89314,38981,96,15,Female,East,premium
399,33,60470,35824,85,63,Female,East,regular
400,52,38739,37727,20,94,Non-binary,West,regular
401,27,91833,16444,78,47,Male,West,regular
402,46,35600,30204,32,81,Male,South,regular
403,55,43202,14115,86,18,Male,North,budget
404,55,82163,6035,54,33,Male,North,premium
405,18,119528,14232,67,35,Female,East,budget
406,63,62500,17184,86,13,Male,West,budget
407,56,37283,5083,76,82,Female,East,premium
408,22,108188,18273,2,7,Male,South,budget
409,20,49331,44092,91,42,Female,North,regular
410,70,20244,17558,37,42,Male,West,budget
411,62,95225,16641,63,43,Male,West,budget
412,55,141007,22915,31,92,Male,West,regular
413,70,127544,38635,17,96,Male,South,regular
414,68,105601,4970,75,75,Female,West,regular
415,25,124240,19838,14,52,Female,East,budget
416,61,142534,16138,51,76,Male,South,budget
417,30,36163,35555,63,90,Male,West,premium
418,38,125917,13370,31,6,Male,East,premium
419,70,110507,5639,7,37,Male,South,budget
420,28,81435,21840,26,66,Agender,North,budget
421,57,142782,17004,67,32,Female,South,budget
422,52,72301,2699,81,35,Polygender,South,budget
423,58,86143,22217,33,53,Male,North,regular
424,47,31407,5355,62,79,Male,South,budget
425,60,148727,8892,6,52,Female,North,premium
426,28,143643,3088,37,21,Male,West,premium
427,51,27914,33182,14,44,Female,East,regular
428,55,100389,22691,13,90,Female,West,premium
429,45,75330,39962,83,46,Male,East,budget
430,24,21781,8038,13,79,Female,East,premium
431,46,142153,15987,20,98,Female,South,premium
432,56,95243,17594,42,68,Female,East,regular
433,46,99272,211,56,83,Female,West,regular
434,56,142465,20029,10,47,Male,South,premium
435,28,69342,47260,22,13,Female,West,premium
436,25,83528,7426,11,24,Female,South,budget
437,47,64129,34128,34,95,Male,North,premium
438,56,26781,16747,65,67,Female,East,premium
439,18,78534,27988,46,58,Male,East,budget
440,20,126963,25968,61,89,Female,South,premium
441,19,63880,34256,85,38,Female,South,budget
442,21,69780,6967,23,100,Female,North,regular
443,35,143000,10198,66,75,Male,North,premium
444,59,25965,39183,24,82,Male,West,premium
445,24,95217,2926,81,40,Female,North,budget
446,58,74978,35015,9,55,Female,West,regular
447,61,121105,882,18,35,Female,East,regular
448,37,85706,33899,38,3,Female,South,premium
449,29,123125,28600,53,68,Female,West,budget
450,19,93873,46271,21,45,Female,North,regular
451,66,37870,49370,68,95,Female,West,regular
452,67,124397,2132,86,53,Bigender,South,premium
453,24,27170,14281,71,95,Male,East,regular
454,47,46010,40652,27,48,Female,West,budget
455,30,140001,42921,6,97,Polygender,South,regular
456,41,67636,27810,58,56,Genderfluid,North,regular
457,67,39009,18892,17,36,Female,East,premium
458,52,107259,17010,14,60,Male,South,budget
459,69,85859,40774,62,70,Female,West,budget
460,66,143706,35378,30,100,Male,East,premium
461,44,39317,3145,64,88,Male,East,premium
462,67,93257,20420,76,88,Female,North,premium
463,35,147663,1726,9,46,Female,East,budget
464,60,130227,43231,4,4,Male,North,premium
465,47,39334,47956,76,45,Female,East,premium
466,67,102909,23519,92,90,Female,South,budget
467,65,34711,26756,55,16,Male,South,regular
468,26,96416,23002,81,18,Male,West,regular
469,55,29810,30440,62,10,Polygender,West,budget
470,30,37061,18767,72,82,Non-binary,West,premium
471,51,126500,47827,39,4,Male,South,regular
472,33,148910,12008,87,64,Male,West,premium
473,69,128693,19789,45,41,Female,West,regular
474,45,35009,44762,7,44,Male,East,budget
475,38,123072,10890,32,21,Male,East,budget
476,67,94147,46688,1,92,Female,South,regular
477,67,147984,13122,2,64,Male,North,premium
478,65,138463,6637,74,53,Male,South,budget
479,63,93592,17975,30,12,Male,South,regular
480,54,120518,21269,20,41,Male,East,budget
481,61,62062,25127,13,36,Polygender,East,regular
482,65,73527,797,1,81,Female,South,regular
483,27,133253,11917,2,20,Female,West,budget
484,47,93763,20868,50,72,Male,North,budget
485,47,70348,32072,36,6,Male,North,regular
486,57,105499,30439,88,54,Male,East,premium
487,37,72288,49354,10,26,Female,East,premium
488,51,38570,3199,3,44,Agender,North,regular
489,23,116870,5083,21,15,Female,East,regular
490,62,90748,23812,22,10,Female,East,regular
491,37,40686,40867,78,27,Female,South,premium
492,29,40364,25991,34,100,Male,South,budget
493,37,115549,4471,40,37,Male,West,premium
494,21,72198,4443,54,14,Female,South,premium
495,42,102992,48533,64,31,Female,South,budget
496,70,98046,32373,36,81,Female,East,budget
497,68,51283,8030,10,100,Female,East,premium
498,62,51132,5285,31,61,Female,East,budget
499,60,90517,38234,66,31,Female,North,premium
500,68,42683,20938,3,15,Female,North,premium
501,35,107440,10497,27,29,Female,East,premium
502,65,28616,33029,61,17,Polygender,North,premium
503,28,59999,21138,8,84,Male,North,premium
504,20,61664,41440,94,4,Male,North,premium
505,67,141285,6379,54,3,Female,North,premium
506,27,46417,28537,33,78,Male,North,premium
507,64,100453,31683,12,47,Male,West,budget
508,58,65366,16970,2,74,Female,South,regular
509,49,145086,40488,68,50,Female,South,regular
510,54,89232,29226,38,24,Female,West,regular
511,29,138258,31797,30,89,Male,South,premium
512,18,87226,25533,22,55,Male,West,premium
513,23,100128,25948,83,41,Female,East,regular
514,67,125240,21483,45,66,Male,North,regular
515,48,67843,9458,1,26,Female,North,premium
516,63,145198,24096,64,1,Female,East,budget
517,63,87908,28017,66,44,Female,South,budget
518,29,144006,46417,89,49,Male,North,budget
519,62,139251,8533,95,52,Male,East,premium
520,66,133016,15325,67,49,Genderqueer,South,budget
521,27,137395,26233,73,75,Male,North,premium
522,41,71597,29216,9,82,Genderfluid,West,regular
523,27,44448,16340,43,62,Male,North,regular
524,57,80553,42841,33,28,Female,East,regular
525,20,68723,35945,11,69,Female,South,premium
526,30,63154,36986,59,6,Female,West,budget
527,34,76761,32820,47,35,Male,East,premium
528,46,20777,35030,42,67,Male,East,premium
529,67,127953,28819,56,97,Male,South,budget
530,55,105905,23562,25,83,Female,South,budget
531,46,23439,25989,84,77,Female,East,budget
532,29,133660,15376,67,22,Female,South,regular
533,47,28400,14116,39,34,Genderfluid,West,premium
534,56,20439,21527,100,13,Genderfluid,North,premium
535,64,21302,34946,65,61,Male,East,premium
536,24,119339,33241,19,89,Female,East,premium
537,38,77028,16951,34,4,Female,South,premium
538,65,61067,35982,64,39,Non-binary,West,budget
539,42,21810,23634,63,19,Male,East,premium
540,49,99673,18541,9,82,Male,East,premium
541,25,74472,43779,26,64,Female,North,premium
542,25,78950,27909,39,85,Male,West,regular
543,25,74483,2724,26,76,Male,West,regular
544,26,136588,45858,16,50,Female,East,premium
545,52,133279,24469,27,41,Male,West,budget
546,61,115906,36526,5,79,Male,North,budget
547,51,101372,2372,51,64,Male,East,budget
548,62,28317,19504,68,75,Male,West,premium
549,22,102694,7847,10,96,Female,South,regular
550,52,67533,44911,83,39,Male,East,budget
551,39,129736,29097,42,69,Male,East,budget
552,29,85939,27883,77,25,Male,West,budget
553,66,145800,40128,2,31,Male,East,regular
554,26,52742,24619,5,33,Male,West,premium
555,47,84376,35526,16,16,Male,East,premium
556,62,23102,41901,38,38,Female,West,regular
557,44,67657,21222,75,96,Female,West,budget
558,29,112120,34209,34,10,Female,West,budget
559,24,51690,47095,61,55,Male,West,premium
560,63,93743,35490,84,94,Male,North,regular
561,43,100194,35995,20,15,Female,West,regular
562,32,64440,13602,61,93,Female,South,premium
563,56,54132,19037,98,76,Female,East,budget
564,34,41819,40804,34,45,Bigender,South,premium
565,32,46642,40361,100,41,Female,East,budget
566,48,63980,4359,1,27,Female,South,budget
567,19,108143,37129,44,70,Male,East,regular
568,64,71534,28001,52,83,Female,South,premium
569,65,145169,46428,91,48,Female,East,premium
570,25,121374,44905,47,20,Male,East,regular
571,49,31270,29896,66,49,Female,North,regular
572,24,76689,43137,22,15,Female,South,budget
573,42,119075,13020,62,62,Female,West,premium
574,52,63366,21522,3,76,Male,South,regular
575,59,147307,2375,85,100,Female,West,premium
576,24,143258,30015,1,97,Female,North,premium
577,23,85009,37158,64,10,Female,South,budget
578,49,27738,10483,82,64,Female,South,premium
579,59,133167,30441,78,14,Bigender,South,budget
580,18,139018,4476,56,78,Male,West,regular
581,35,85915,26075,75,3,Female,East,regular
582,66,97856,20248,11,47,Female,South,premium
583,62,121071,45839,14,9,Genderqueer,West,premium
584,19,56373,15130,68,33,Female,North,regular
585,27,43563,15601,98,37,Male,East,budget
586,67,108109,46660,21,64,Male,South,budget
587,70,36727,19739,58,2,Female,South,budget
588,26,63172,28482,61,10,Female,North,regular
589,54,64415,42346,13,6,Female,West,budget
590,53,106306,7200,70,94,Female,North,regular
591,43,82182,46232,41,41,Female,North,premium
592,31,93209,28377,97,72,Female,East,premium
593,52,48970,30023,64,9,Male,East,regular
594,58,46490,46702,41,30,Male,West,regular
595,20,140405,44437,12,74,Male,North,regular
596,57,120263,7223,99,60,Non-binary,East,premium
597,30,123260,47211,5,2,Female,South,premium
598,62,55149,9322,70,41,Female,South,premium
599,66,76247,45955,13,40,Female,North,budget
600,43,92287,22882,46,98,Female,East,premium
601,28,75164,13412,85,71,Male,North,premium
602,50,112378,19917,12,11,Male,West,budget
603,50,42302,19009,60,94,Polygender,South,premium
604,53,117483,47216,35,22,Female,East,budget
605,25,70727,12355,61,59,Male,East,premium
606,47,41170,25905,27,75,Female,East,budget
607,67,71180,27044,31,59,Female,South,budget
608,40,28436,49724,41,12,Female,North,regular
609,49,50450,20584,1,1,Male,West,premium
610,54,51762,4217,87,73,Male,North,regular
611,40,99033,39287,63,65,Male,West,premium
612,20,117560,14880,36,26,Bigender,North,budget
613,25,88558,21063,9,33,Polygender,East,budget
614,48,82635,17268,98,25,Female,East,budget
615,67,38636,434,96,20,Female,South,regular
616,53,30622,42864,75,83,Male,North,regular
617,47,107712,45664,83,90,Female,North,budget
618,52,62627,40292,60,6,Male,North,budget
619,43,73917,4969,78,82,Female,West,regular
620,25,67411,39814,11,24,Female,North,budget
621,41,116225,18097,54,77,Male,North,premium
622,59,28161,31650,67,65,Female,West,premium
623,61,28020,10523,98,77,Male,East,regular
624,32,89789,24101,38,58,Female,North,premium
625,47,107110,23681,18,99,Male,South,budget
626,36,41918,18408,57,31,Female,West,budget
627,41,98470,16522,94,63,Genderqueer,South,premium
628,58,133430,38114,85,47,Female,South,regular
629,60,63732,2320,1,57,Male,East,regular
630,22,68438,22405,19,49,Female,West,regular
631,57,55862,8546,8,2,Male,West,budget
632,33,110581,45744,99,33,Female,East,regular
633,32,40695,38292,54,14,Male,South,budget
634,41,38465,34670,45,87,Female,South,regular
635,50,67546,23805,86,74,Male,South,regular
636,56,59864,9693,90,12,Male,East,regular
637,25,126812,2595,80,55,Female,West,regular
638,25,48780,9979,37,75,Male,South,budget
639,23,43065,38223,11,82,Male,West,regular
640,42,139160,34608,32,30,Female,South,regular
641,33,74150,44273,91,53,Female,West,regular
642,46,85689,28792,93,84,Female,South,premium
643,34,60532,12728,82,55,Male,North,regular
644,64,58725,27693,35,21,Female,East,regular
645,63,37552,34452,57,56,Male,South,premium
646,70,94080,43864,100,31,Female,East,regular
647,25,68504,30082,82,32,Male,West,premium
648,69,123579,19962,76,1,Female,West,budget
649,51,62734,30609,94,96,Female,South,budget
650,60,70814,37101,82,38,Genderqueer,East,premium
651,22,83246,31446,80,47,Female,East,budget
652,43,28062,16601,86,57,Female,East,premium
653,60,49341,37105,26,38,Male,West,budget
654,18,59621,17054,29,24,Male,North,budget
655,61,124348,21920,89,61,Male,West,budget
656,25,122396,44112,97,75,Female,South,budget
657,61,21914,26761,4,39,Male,North,budget
658,53,127695,12601,25,78,Male,North,budget
659,69,31856,10067,79,92,Male,East,budget
660,70,44955,3298,100,49,Female,East,budget
661,21,84918,8788,3,56,Male,East,budget
662,23,34209,10781,100,48,Bigender,East,premium
663,43,37168,16871,23,73,Male,East,budget
664,48,30670,15833,24,88,Female,East,budget
665,37,79028,7470,42,15,Female,South,budget
666,18,58058,29128,91,53,Female,West,regular
667,63,121406,357,95,84,Female,East,premium
668,20,62789,46482,69,70,Bigender,South,budget
669,28,49038,15359,67,100,Female,North,regular
670,61,127643,48546,100,49,Male,West,regular
671,57,105458,25030,51,66,Female,West,premium
672,66,33876,1696,40,14,Male,East,budget
673,32,86118,12794,23,84,Female,East,regular
674,52,20331,2941,72,11,Female,East,regular
675,49,52423,27384,70,40,Female,East,budget
676,27,25797,30534,86,66,Male,North,regular
677,46,110770,1835,52,91,Male,North,regular
678,49,57711,18804,71,82,Male,West,regular
679,23,62963,48823,15,83,Male,South,regular
680,44,78485,30285,74,79,Female,West,premium
681,20,58798,46590,84,8,Male,South,premium
682,61,135285,31027,33,14,Male,West,budget
683,28,37886,41545,79,29,Male,East,budget
684,29,70047,46814,40,56,Female,East,budget
685,60,72095,1680,66,42,Female,West,premium
686,36,106838,3344,14,65,Female,West,premium
687,45,23157,27196,13,59,Female,North,regular
688,54,72940,25356,2,3,Female,North,regular
689,54,51048,47566,65,19,Male,East,budget
690,25,55820,14940,100,36,Female,East,budget
691,41,83264,9345,91,96,Female,East,regular
692,45,52121,10700,87,36,Female,South,budget
693,36,75160,41314,50,37,Male,North,budget
694,55,72560,37466,40,15,Female,East,budget
695,47,103596,22378,37,70,Female,North,budget
696,68,31941,25476,25,39,Male,North,premium
697,39,94604,17072,2,95,Female,East,regular
698,29,57141,45004,10,42,Male,South,premium
699,54,131571,27581,36,92,Male,West,regular
700,39,62680,28048,45,28,Male,South,premium
701,64,85204,38567,97,93,Non-binary,East,regular
702,27,114844,8003,68,66,Female,South,budget
703,42,41669,44102,35,8,Female,South,regular
704,44,50848,39178,51,21,Female,North,budget
705,50,84553,21903,23,78,Male,South,regular
706,60,56864,11915,38,66,Female,West,budget
707,38,112840,20573,22,53,Female,North,regular
708,28,132734,27670,88,6,Female,East,premium
709,42,76576,44293,5,5,Male,North,premium
710,28,26402,29316,39,65,Male,South,budget
711,20,108905,35618,34,92,Male,East,regular
712,49,78338,33903,57,14,Bigender,South,budget
713,43,25097,4387,48,99,Male,North,budget
714,69,78911,37753,34,95,Female,North,regular
715,49,23731,35962,30,59,Female,West,budget
716,33,107171,14985,81,87,Female,North,premium
717,26,58412,42414,53,35,Female,North,regular
718,55,27903,34333,24,13,Male,North,regular
719,59,132668,2176,87,75,Non-binary,North,premium
720,41,118104,41388,50,66,Female,South,premium
721,19,120881,39730,51,15,Female,East,budget
722,32,83870,41967,42,74,Female,North,premium
723,33,143095,43964,28,64,Male,North,regular
724,33,26628,7090,98,1,Female,West,budget
725,60,38832,5357,62,18,Male,East,premium
726,51,70761,48882,96,100,Male,East,budget
727,58,110556,17295,56,69,Male,West,premium
728,37,54428,48194,13,97,Male,North,premium
729,27,41070,49910,68,35,Male,East,budget
730,64,29308,1258,31,41,Female,West,regular
731,56,147979,44308,3,48,Male,North,premium
732,66,22889,14514,80,67,Female,South,regular
733,46,91891,49584,49,60,Male,East,premium
734,22,44503,22030,38,91,Female,North,regular
735,45,142147,14446,13,16,Female,North,premium
736,34,68305,26010,35,30,Male,West,premium
737,56,35411,10188,43,8,Male,South,premium
738,53,139225,15602,39,36,Non-binary,East,premium
739,52,42479,13237,3,84,Male,East,budget
740,32,119184,3918,28,56,Female,South,premium
741,50,105279,25355,42,93,Male,West,budget
742,21,96727,49732,42,40,Female,East,regular
743,19,29004,10105,85,63,Female,South,regular
744,40,27076,45481,97,44,Male,East,regular
745,43,51600,40560,47,74,Female,South,budget
746,68,135344,38003,76,86,Female,South,budget
747,21,131279,34516,77,3,Male,South,premium
748,38,35454,26881,36,17,Polygender,South,budget
749,61,84982,6012,11,65,Genderqueer,East,regular
750,29,123316,43409,49,100,Male,South,premium
751,25,45954,44590,34,45,Female,East,regular
752,32,143941,13616,55,66,Male,West,budget
753,52,56016,46460,70,100,Female,West,regular
754,44,83096,34180,43,38,Male,South,regular
755,38,24902,47284,26,72,Female,East,budget
756,19,38234,4088,69,14,Female,East,budget
757,28,57570,15092,68,22,Female,East,premium
758,21,144567,11451,1,24,Male,West,budget
759,22,133630,39228,95,37,Female,North,regular
760,70,66672,2966,79,100,Female,East,regular
761,42,94096,12407,4,34,Male,West,regular
762,59,76287,10577,80,11,Male,East,budget
763,69,80985,4470,27,51,Female,East,budget
764,25,129743,26666,37,76,Male,South,budget
765,56,124087,19049,70,43,Female,North,premium
766,32,28872,17428,29,81,Genderqueer,South,budget
767,49,44100,8962,80,81,Female,East,regular
768,56,49145,15586,42,23,Male,North,regular
769,32,120808,24406,72,53,Male,East,budget
770,25,124774,10564,49,17,Female,East,budget
771,62,101056,19362,52,41,Male,North,regular
772,20,28793,44356,11,36,Male,South,premium
773,38,39661,992,80,78,Polygender,North,budget
774,24,32763,1409,93,25,Male,North,premium
775,28,45871,2515,59,34,Female,South,premium
776,39,43379,49212,31,33,Female,East,budget
777,34,61531,27960,91,95,Female,South,regular
778,20,144196,35364,77,82,Male,North,premium
779,20,130747,21012,18,43,Female,South,regular
780,38,108936,40799,63,60,Male,North,premium
781,68,133380,8625,95,16,Male,North,regular
782,43,149210,36959,75,47,Female,North,premium
783,33,104054,16899,20,81,Male,South,budget
784,46,20707,39693,7,66,Female,East,budget
785,32,140612,4652,67,2,Female,West,budget
786,60,91003,8534,5,62,Male,North,regular
787,63,82321,14407,65,7,Female,East,regular
788,43,132567,39553,11,11,Female,West,premium
789,19,56456,34212,73,86,Female,West,premium
790,50,34260,42971,52,94,Male,East,budget
791,57,57711,38506,27,88,Female,West,regular
792,67,93658,30839,24,23,Female,North,premium
793,53,93798,38966,67,59,Female,West,regular
794,34,47417,49079,9,38,Male,West,regular
795,62,55860,32789,9,78,Female,North,premium
796,47,122122,14630,7,16,Female,North,premium
797,21,39984,20884,96,13,Male,East,budget
798,42,44319,49898,56,96,Female,South,premium
799,47,80677,27521,29,60,Male,East,budget
800,58,103201,27720,76,54,Female,North,regular
801,33,143619,18853,92,1,Male,East,budget
802,68,149705,40374,33,50,Genderqueer,East,premium
803,24,53038,6962,50,50,Male,North,regular
804,59,88587,44600,57,61,Female,West,premium
805,19,134133,3830,53,28,Male,East,regular
806,19,138268,46235,95,97,Male,East,premium
807,60,99557,128,75,86,Female,South,regular
808,41,144314,13821,66,17,Agender,West,premium
809,54,120293,2795,74,65,Genderfluid,South,regular
810,21,104532,24971,12,21,Male,East,budget
811,24,67712,6039,2,38,Female,North,budget
812,40,142595,15630,64,58,Male,East,premium
813,63,70624,21968,24,88,Female,North,regular
814,70,119824,47155,34,88,Genderqueer,West,budget
815,20,62837,6009,82,20,Male,West,budget
816,19,24013,1730,25,23,Female,East,regular
817,38,94202,48194,66,57,Male,West,regular
818,39,104329,25289,62,18,Female,East,regular
819,44,62135,5950,94,71,Male,North,regular
820,21,65965,9171,84,75,Male,North,budget
821,44,40392,6959,76,9,Male,West,regular
822,65,131471,36580,8,66,Female,North,budget
823,34,72592,12635,16,84,Male,South,premium
824,39,84706,36790,96,72,Bigender,West,premium
825,68,98646,8624,26,18,Bigender,North,regular
826,32,118454,39763,85,41,Female,North,premium
827,18,123921,12906,53,74,Female,East,regular
828,44,20316,42672,4,23,Female,North,regular
829,41,63755,35134,64,19,Bigender,East,premium
830,49,47132,44342,72,91,Genderqueer,South,budget
831,34,49118,31518,95,47,Male,West,regular
832,30,141829,8489,68,65,Female,North,budget
833,26,121220,9555,33,15,Male,North,budget
834,45,109195,47448,30,64,Female,North,premium
835,41,41846,35178,12,24,Male,North,budget
836,42,107911,41286,18,94,Male,West,budget
837,47,52180,1065,95,39,Non-binary,North,premium
838,23,138638,46872,93,93,Male,North,regular
839,68,117886,4620,6,20,Male,South,premium
840,46,129070,46190,51,53,Male,West,budget
841,24,68531,7591,52,9,Female,South,budget
842,66,106421,20704,77,70,Genderfluid,East,regular
843,28,93812,11908,14,45,Male,South,budget
844,21,113766,8461,58,46,Female,South,budget
845,52,20954,6479,65,21,Female,East,premium
846,53,79132,13757,94,26,Male,East,premium
847,41,137852,47414,92,40,Female,North,premium
848,63,36197,24352,7,42,Female,West,regular
849,35,58841,7325,85,31,Male,North,premium
850,36,73078,124,44,68,Female,South,premium
851,41,31181,45862,23,6,Female,North,premium
852,47,98976,49418,23,44,Female,South,regular
853,31,61885,28350,89,95,Male,East,budget
854,69,73192,6552,47,4,Male,West,regular
855,43,51313,6863,48,25,Female,North,premium
856,25,21214,32962,79,49,Male,East,regular
857,48,102334,3671,83,8,Female,North,regular
858,28,126789,6327,97,61,Male,South,budget
859,41,55921,46730,24,66,Male,West,budget
860,40,23878,49033,46,76,Male,South,premium
861,40,63389,27785,31,90,Male,West,budget
862,22,42716,20829,80,10,Male,South,premium
863,67,88148,46437,81,75,Male,West,budget
864,68,40748,12897,68,46,Male,North,premium
865,29,33194,10405,35,14,Female,South,regular
866,31,138931,41201,23,39,Male,East,premium
867,56,108948,1648,100,82,Male,West,budget
868,42,130332,27452,6,12,Polygender,North,premium
869,57,145316,995,11,88,Agender,South,regular
870,28,95031,18263,89,40,Male,West,budget
871,40,92225,3770,24,76,Female,North,regular
872,62,125542,41267,16,7,Male,South,budget
873,58,34119,10876,20,71,Male,East,regular
874,37,123307,192,50,18,Female,South,regular
875,45,61375,653,73,18,Male,West,premium
876,38,52481,34568,76,6,Female,East,premium
877,39,129877,19323,43,46,Male,West,premium
878,30,113743,14974,98,67,Female,West,regular
879,43,73118,13007,94,35,Female,South,regular
880,48,67296,33856,5,68,Agender,West,budget
881,61,107731,38492,4,53,Male,East,premium
882,51,75141,40138,60,33,Male,North,budget
883,38,89409,28643,42,29,Male,East,premium
884,61,83438,27924,78,99,Agender,West,budget
885,26,82203,49463,25,76,Male,East,regular
886,33,122728,23947,32,77,Male,South,regular
887,48,77516,47211,97,42,Agender,West,budget
888,20,24694,46905,42,20,Female,North,regular
889,42,50090,42897,22,68,Male,South,premium
890,40,65373,30442,82,71,Female,South,regular
891,58,35608,39416,13,4,Male,West,regular
892,28,40696,26949,100,47,Female,North,premium
893,42,145556,23975,44,4,Male,South,regular
894,19,97704,27394,56,36,Agender,North,regular
895,18,131737,27607,6,34,Male,East,premium
896,68,97233,39592,97,17,Female,North,regular
897,50,42388,17894,31,11,Female,East,budget
898,65,56505,20422,80,55,Female,South,premium
899,26,143265,19524,21,9,Male,West,premium
900,27,37940,49630,4,20,Female,West,premium
901,36,59261,31368,28,80,Female,East,regular
902,51,75544,35032,99,27,Male,North,regular
903,55,30666,49319,35,60,Female,West,budget
904,34,38140,4623,63,21,Male,North,premium
905,43,52431,37745,63,5,Male,South,premium
906,21,21844,34645,7,84,Male,East,premium
907,19,51548,38381,24,42,Male,South,premium
908,59,47267,20881,93,67,Male,North,premium
909,50,93571,35190,96,39,Female,East,regular
910,61,119549,6145,28,76,Male,East,budget
911,56,84391,20510,75,21,Female,South,budget
912,67,100195,21999,95,31,Male,North,regular
913,40,47621,48524,86,4,Bigender,East,regular
914,61,28842,9533,77,50,Male,North,premium
915,62,123111,28419,27,95,Male,South,premium
916,52,64219,28724,22,78,Male,North,premium
917,65,88370,22593,13,55,Female,South,budget
918,44,109564,19575,63,92,Male,South,budget
919,52,30383,40368,30,23,Non-binary,East,budget
920,44,143964,49544,87,79,Female,West,premium
921,20,45961,25310,84,38,Female,North,regular
922,55,121452,29200,76,23,Male,South,regular
923,53,49636,13198,8,66,Female,North,budget
924,25,55021,46501,53,8,Male,West,budget
925,23,75536,2910,18,30,Female,North,budget
926,49,63857,17347,44,96,Male,North,budget
927,58,137416,27745,49,1,Female,West,premium
928,64,111643,45997,91,2,Female,South,premium
929,58,147955,17158,18,62,Male,East,budget
930,61,118653,34058,55,82,Female,South,budget
931,63,23636,36389,32,89,Male,North,budget
932,26,51606,8352,89,32,Male,West,budget
933,18,142350,32931,87,82,Male,South,regular
934,39,70127,24699,48,9,Bigender,South,regular
935,38,102544,20419,6,32,Female,East,regular
936,44,99584,23126,48,46,Male,North,regular
937,64,103100,20228,51,64,Female,East,premium
938,65,147207,24375,74,64,Male,East,budget
939,26,126172,15674,57,67,Male,South,premium
940,26,127507,14294,91,52,Female,East,regular
941,33,145755,48743,23,5,Female,South,premium
942,65,139151,5439,91,78,Non-binary,West,premium
943,27,51931,12395,36,23,Female,North,budget
944,26,149032,32557,22,61,Male,West,budget
945,34,54543,7023,4,51,Male,West,budget
946,51,143719,1854,31,18,Male,West,regular
947,54,35618,27273,7,74,Female,South,budget
948,64,43499,9599,23,6,Male,East,regular
949,19,24833,2676,11,57,Female,South,regular
950,47,123056,31854,93,6,Male,West,premium
951,41,85505,13327,22,28,Female,South,budget
952,26,124513,11163,44,28,Male,West,premium
953,31,91834,17148,80,93,Male,East,budget
954,46,71766,18277,55,87,Female,West,regular
955,59,83517,17527,30,18,Male,North,regular
956,63,22065,38834,4,66,Male,South,budget
957,50,115902,35570,26,61,Female,West,budget
958,46,107064,46350,58,43,Genderfluid,West,regular
959,51,69627,25133,91,37,Female,South,premium
960,66,127994,38373,64,2,Male,South,budget
961,48,24956,11224,70,43,Female,West,budget
962,24,105537,27802,59,74,Male,East,regular
963,69,94958,27255,60,16,Female,South,budget
964,70,47781,35581,22,14,Female,South,budget
965,29,133029,13261,21,67,Genderqueer,West,budget
966,69,49426,43006,14,74,Genderfluid,South,budget
967,41,55586,9707,13,6,Genderqueer,South,premium
968,41,147000,6036,2,55,Male,South,regular
969,27,108335,31607,18,90,Female,North,regular
970,64,109633,18767,22,79,Female,South,budget
971,56,130040,25803,90,44,Female,North,regular
972,63,61745,31166,34,82,Female,North,budget
973,49,40416,10777,9,93,Male,South,premium
974,55,31038,23320,57,97,Bigender,West,regular
975,42,113708,38987,44,100,Male,North,premium
976,42,120152,38180,29,95,Female,West,premium
977,39,41155,15158,29,73,Male,East,budget
978,47,118852,2791,60,90,Female,East,budget
979,60,62215,35973,42,23,Female,West,budget
980,21,101493,12857,49,39,Female,East,regular
981,44,144244,5493,14,42,Male,North,premium
982,30,78007,29133,34,50,Female,West,premium
983,52,106045,20040,82,19,Genderqueer,South,budget
984,51,133549,31128,77,87,Female,East,premium
985,59,95411,14767,12,73,Bigender,East,budget
986,63,26492,10325,6,64,Female,West,budget
987,35,132495,30650,67,63,Genderfluid,East,premium
988,50,39814,24844,11,5,Male,West,budget
989,37,47413,44708,13,89,Male,North,budget
990,33,107116,32507,88,40,Female,East,premium
991,29,127094,18646,99,22,Agender,East,regular
992,21,24185,23783,77,26,Genderqueer,East,premium
993,63,126089,7948,18,31,Female,West,premium
994,56,49561,39215,90,5,Non-binary,West,budget
995,61,139349,31441,37,10,Male,North,regular
996,30,38052,15253,32,76,Male,North,budget
997,50,48212,1312,23,75,Male,South,budget
998,37,121321,41695,13,50,Male,East,premium
999,40,138343,3557,32,61,Female,South,regular
1000,62,140765,30766,58,4,Male,East,budget
